{"name":"58629b6f-6a2c-4bf1-91db-794e9fce55d6","id":"/providers/Microsoft.Flow/flows/58629b6f-6a2c-4bf1-91db-794e9fce55d6","type":"Microsoft.Flow/flows","properties":{"apiId":"/providers/Microsoft.PowerApps/apis/shared_logicflows","displayName":"When a new response is submitted -> Apply to each,Get response details,HTTP","definition":{"metadata":{"workflowEntityId":null,"creator":{"id":"fd9c0c4e-edb5-4dbb-a4bd-d2bb6c492272","type":"User","tenantId":"72f988bf-86f1-41af-91ab-2d7cd011db47"},"provisioningMethod":"FromDefinition","failureAlertSubscription":true,"clientLastModifiedTime":"2018-12-07T08:12:20.6345935Z"},"$schema":"https://schema.management.azure.com/providers/Microsoft.Logic/schemas/2016-06-01/workflowdefinition.json#","contentVersion":"1.0.0.0","parameters":{"$connections":{"defaultValue":{},"type":"Object"},"$authentication":{"defaultValue":{},"type":"SecureObject"}},"triggers":{"When_a_new_response_is_submitted":{"metadata":{"flowSystemMetadata":{"swaggerOperationId":"CreateFormWebhook"}},"type":"ApiConnectionWebhook","inputs":{"host":{"api":{"runtimeUrl":"https://firstrelease-001.azure-apim.net/apim/microsoftforms"},"connection":{"name":"@parameters('$connections')['shared_microsoftforms']['connectionId']"}},"body":{"eventType":"responseAdded","notificationUrl":"@{listCallbackUrl()}","source":"ms-connector"},"path":"/formapi/api/forms/@{encodeURIComponent('v4j5cvGGr0GRqy180BHbR04MnP217btNpL3Su2xJInJUN0pMWlE1NUxRWEtOUExHQjNNUFEyVlFEWC4u')}/webhooks","authentication":"@parameters('$authentication')"}}},"actions":{"Apply_to_each":{"foreach":"@triggerBody()?['value']","actions":{"Get_response_details":{"runAfter":{},"metadata":{"flowSystemMetadata":{"swaggerOperationId":"GetFormResponseById"}},"type":"ApiConnection","inputs":{"host":{"api":{"runtimeUrl":"https://firstrelease-001.azure-apim.net/apim/microsoftforms"},"connection":{"name":"@parameters('$connections')['shared_microsoftforms']['connectionId']"}},"method":"get","path":"/formapi/api/forms('@{encodeURIComponent('v4j5cvGGr0GRqy180BHbR04MnP217btNpL3Su2xJInJUN0pMWlE1NUxRWEtOUExHQjNNUFEyVlFEWC4u')}')/responses","queries":{"response_id":"@items('Apply_to_each')?['resourceData']?['responseId']"},"authentication":"@parameters('$authentication')"}},"HTTP":{"runAfter":{"Get_response_details":["Succeeded"]},"type":"Http","inputs":{"method":"POST","uri":"https://addindemo.azurewebsites.net/forms/listener/d83695ba-f96c-430d-9808-b18bf56da7dc/responses","body":{"response":"@body('Get_response_details')?['r7ff181d5153f420499cb9727887c8ff4']"}}}},"runAfter":{},"type":"Foreach"}},"outputs":{}},"connectionReferences":{"shared_microsoftforms":{"connectionName":"shared-microsoftform-903b349b-5f4d-41cb-8ddd-89771f074a20","source":"Embedded","id":"/providers/Microsoft.PowerApps/apis/shared_microsoftforms","tier":"NotSpecified"}},"flowFailureAlertSubscribed":false}}